,state,year,FY,amount_spent,project_amount_outlay,gsdp_pc,population,business_ease,States_category,governance_score,hdi,gdi,Region,atc_losses
0,ANDAMAN & NICOBAR,2017,2016-17,600000.0,600000.0,,,,,,,,,
1,ANDAMAN & NICOBAR,2018,2017-18,2000000.0,2000000.0,,,,,,,,,
2,ANDAMAN & NICOBAR,2019,2018-19,408900.0,408900.0,,,,,,,,,
3,ANDHRA PRADESH,2015,2014-15,987900000.0,153224300000.0,93903,49577103.0,70.12,Big States,5.05,0.627,0.811,Southern,13.13
4,ANDHRA PRADESH,2016,2015-16,2954866504.0,5353384475.0,108002,49577103.0,98.78,Big States,5.05,0.633,0.819,Southern,12.88
5,ANDHRA PRADESH,2017,2016-17,1817176539.0,14664944756.0,120676,49577103.0,98.3,Big States,5.05,0.644,0.821,Southern,12.58
6,ANDHRA PRADESH,2018,2017-18,1354607387.01,322098838517.0301,138299,49577103.0,,Big States,5.05,0.646,0.821,Southern,12.28
7,ANDHRA PRADESH,2019,2018-19,1250318571.41,11893854438000.28,152286,49577103.0,,Big States,5.05,0.649,0.823,Southern,12.0
8,ANDHRA PRADESH,2020,2019-20,1331460399.49,4528075507.87,168480,49577103.0,,Big States,5.05,,,Southern,12.0
9,ANDHRA PRADESH,2021,2020-21,655771214.0,446919792.0,170215,49577103.0,,Big States,5.05,,,Southern,12.0
10,ARUNACHAL PRADESH,2015,2014-15,68400000.0,213500000.0,114789,1383727.0,1.23,NE & Hill,3.03,0.66,0.829,North Eastern,53.26
11,ARUNACHAL PRADESH,2016,2015-16,9500000.0,12000000.0,116985,1383727.0,0.3,NE & Hill,3.03,0.644,0.83,North Eastern,49.76
12,ARUNACHAL PRADESH,2017,2016-17,83300000.0,118400000.0,124129,1383727.0,,NE & Hill,3.03,0.655,0.831,North Eastern,46.26
13,ARUNACHAL PRADESH,2018,2017-18,24952000.0,71964000.0,138836,1383727.0,,NE & Hill,3.03,0.657,0.831,North Eastern,42.76
14,ARUNACHAL PRADESH,2019,2018-19,13424000.0,20903000.0,154652,1383727.0,,NE & Hill,3.03,0.661,0.834,North Eastern,39.26
15,ARUNACHAL PRADESH,2020,2019-20,23140000.0,73808000.0,169742,1383727.0,,NE & Hill,3.03,,,North Eastern,36.0
16,ARUNACHAL PRADESH,2021,2020-21,20000000.0,20000000.0,-,1383727.0,,NE & Hill,3.03,,,North Eastern,33.0
17,ASSAM,2015,2014-15,93600000.0,96600000.0,52895,31205576.0,14.48,NE & Hill,4.07,0.595,0.828,North Eastern,28.35
18,ASSAM,2016,2015-16,185331545.21,443507899.31,60817,31205576.0,14.29,NE & Hill,4.07,0.598,0.833,North Eastern,26.85
19,ASSAM,2017,2016-17,564578542.0,187110001382.58,66330,31205576.0,84.75,NE & Hill,4.07,0.608,0.835,North Eastern,25.35
20,ASSAM,2018,2017-18,750199755.37,1207468165.37,75151,31205576.0,,NE & Hill,4.07,0.61,0.834,North Eastern,23.85
21,ASSAM,2019,2018-19,970925437.0,107929048437.0,81034,31205576.0,,NE & Hill,4.07,0.613,0.839,North Eastern,22.0
22,ASSAM,2020,2019-20,1339145087.0,2600706256.0,86801,31205576.0,,NE & Hill,4.07,,,North Eastern,20.0
23,ASSAM,2021,2020-21,62895000.0,62895000.0,-,31205576.0,,NE & Hill,4.07,,,North Eastern,18.5
24,BIHAR,2015,2014-15,27200000.0,121200000.0,28671,104099452.0,16.41,Big States,4.4,0.554,0.773,Eastern,46.63
25,BIHAR,2016,2015-16,296607601.0,579697601.0,30404,104099452.0,75.82,Big States,4.4,0.559,0.78,Eastern,42.63
26,BIHAR,2017,2016-17,196713762.0,108618713762.0,34045,104099452.0,81.91,Big States,4.4,0.569,0.782,Eastern,38.13
27,BIHAR,2018,2017-18,130126600.0,57529101444.6,36850,104099452.0,,Big States,4.4,0.571,0.782,Eastern,34.0
28,BIHAR,2019,2018-19,335498787.04,5446611051626.04,40715,104099452.0,,Big States,4.4,0.574,0.782,Eastern,30.0
29,BIHAR,2020,2019-20,121040342.1,195056773.1,45071,104099452.0,,Big States,4.4,,,Eastern,27.0
30,BIHAR,2021,2020-21,166075000.0,166075000.0,46292,104099452.0,,Big States,4.4,,,Eastern,24.0
31,CHANDIGARH,2015,2014-15,2300000.0,22700000.0,212594,1055450.0,10.04,UTs,4.68,,,,
32,CHANDIGARH,2016,2015-16,32900000.0,36600000.0,230009,1055450.0,0.3,UTs,4.68,,,,
33,CHANDIGARH,2017,2016-17,179200000.0,792259500000.0,252236,1055450.0,11.54,UTs,4.68,,,,
34,CHANDIGARH,2018,2017-18,173103177.0,71819621351.0,280512,1055450.0,,UTs,4.68,,,,
35,CHANDIGARH,2019,2018-19,65209358.0,5583059647494.88,305140,1055450.0,,UTs,4.68,,,,
36,CHANDIGARH,2020,2019-20,43681654.75,35223509.75,330015,1055450.0,,UTs,4.68,,,,
37,CHANDIGARH,2021,2020-21,200000.0,200000.0,-,1055450.0,,UTs,4.68,,,,
38,CHHATTISGARH,2015,2014-15,574400000.0,707900000.0,72936,25545198.0,62.45,Big States,5.05,0.59,0.8,,
39,CHHATTISGARH,2016,2015-16,1798147500.0,2233018500.0,72991,25545198.0,97.32,Big States,5.05,0.596,0.81,,
40,CHHATTISGARH,2017,2016-17,597000000.0,100001473300000.0,83285,25545198.0,97.31,Big States,5.05,0.606,0.811,,
41,CHHATTISGARH,2018,2017-18,1208978476.0900002,58489102774.09,89690,25545198.0,,Big States,5.05,0.608,0.811,,
42,CHHATTISGARH,2019,2018-19,1029478561.0,101241858008923.0,98254,25545198.0,,Big States,5.05,0.611,0.813,,
43,CHHATTISGARH,2020,2019-20,1013839390.0,2261735409.0,105089,25545198.0,,Big States,5.05,,,,
44,CHHATTISGARH,2021,2020-21,799400000.0,2305200000.0,104943,25545198.0,,Big States,5.05,,,,
45,DADRA & NAGAR HAVELI,2015,2014-15,9900000.0,79000000.0,,,,UTs,3.12,0.661,0.814,,
46,DADRA & NAGAR HAVELI,2016,2015-16,40000000.0,21700000.0,,,1.79,UTs,3.12,0.647,0.817,,
47,DADRA & NAGAR HAVELI,2017,2016-17,7400000.0,161800000.0,,,21.88,UTs,3.12,0.658,0.818,,
48,DADRA & NAGAR HAVELI,2020,2019-20,120139693.0,104784000.0,,,,UTs,3.12,,,,
49,DADRA & NAGAR HAVELI,2015,2014-15,18600000.0,19200000.0,,,,UTs,3.12,0.661,0.814,,
50,DADRA & NAGAR HAVELI,2016,2015-16,5086000.0,25286000.0,,,1.79,UTs,3.12,0.647,0.817,,
51,DADRA & NAGAR HAVELI,2017,2016-17,6239401.0,12751050.0,,,21.88,UTs,3.12,0.658,0.818,,
52,DADRA & NAGAR HAVELI,2018,2017-18,36844602.0,26243602.1,,,,UTs,3.12,0.66,0.818,,
53,DADRA & NAGAR HAVELI,2019,2018-19,93955733.0,89061653.0,,,,UTs,3.12,0.663,0.821,,
54,DADRA & NAGAR HAVELI,2020,2019-20,9800423.0,9163936.0,,,,UTs,3.12,,,,
55,DAMAN & DIU,2015,2014-15,200100000.0,520100000.0,,,,UTs,4.33,0.688,0.838,,
56,DAMAN & DIU,2016,2015-16,3100000.0,5300000.0,,,14.58,UTs,4.33,0.692,0.842,,
57,DAMAN & DIU,2017,2016-17,0.0,0.0,,,28.69,UTs,4.33,0.702,0.844,,
58,DAMAN & DIU,2019,2018-19,222017.0,4053263.0,,,,UTs,4.33,0.708,0.848,,
59,DAMAN & DIU,2020,2019-20,6136999.0,9124999.0,,,,UTs,4.33,,,,
60,DAMAN & DIU,2016,2015-16,3000000.0,3000000.0,,,14.58,UTs,4.33,0.692,0.842,,
61,DAMAN & DIU,2017,2016-17,2500000.0,2500000.0,,,28.69,UTs,4.33,0.702,0.844,,
62,DAMAN & DIU,2018,2017-18,12253715.0,14435927.0,,,,UTs,4.33,0.705,0.843,,
63,DAMAN & DIU,2019,2018-19,3410294.0,5059575.0,,,,UTs,4.33,0.708,0.848,,
64,DAMAN & DIU,2020,2019-20,5702223.0,5702223.0,,,,UTs,4.33,,,,
65,DAMAN & DIU,2021,2020-21,1342372.0,1342372.0,,,,UTs,4.33,,,,
66,DELHI,2015,2014-15,827400000.0,9191104400000.0,247209,16787941.0,37.35,UTs,4.39,,,Northern,14.22
67,DELHI,2016,2015-16,1737660679.0,300146150461.26,270261,16787941.0,47.62,UTs,4.39,,,Northern,13.97
68,DELHI,2017,2016-17,1842194441.2,39926089511788.31,295558,16787941.0,31.69,UTs,4.39,,,Northern,13.72
69,DELHI,2018,2017-18,2418509066.1,278176734926.43005,318323,16787941.0,,UTs,4.39,,,Northern,13.22
70,DELHI,2019,2018-19,2980119890.3200006,494077553426939.1,344350,16787941.0,,UTs,4.39,,,Northern,13.0
71,DELHI,2020,2019-20,2940055803.26,3547749356.96,376221,16787941.0,,UTs,4.39,,,Northern,12.5
72,DELHI,2021,2020-21,318495362.0,352690661.0,354004,16787941.0,,UTs,4.39,,,Northern,12.25
73,GOA,2015,2014-15,174000000.0,251200000.0,289185,1458545.0,21.74,Big States,4.29,0.753,0.858,Western,13.64
74,GOA,2016,2015-16,217600000.0,273720000.0,334576,1458545.0,18.15,Big States,4.29,0.745,0.862,Western,13.39
75,GOA,2017,2016-17,231886031.0,338890000.0,378953,1458545.0,57.34,Big States,4.29,0.756,0.863,Western,13.14
76,GOA,2018,2017-18,319192279.0,150519489888.0,411740,1458545.0,,Big States,4.29,0.759,0.862,Western,12.64
77,GOA,2019,2018-19,239906543.0,259668440.0,423716,1458545.0,,Big States,4.29,0.763,0.868,Western,12.0
78,GOA,2020,2019-20,221744359.24,298586619.24,435959,1458545.0,,Big States,4.29,,,Western,12.0
79,GOA,2021,2020-21,27443460.0,32691000.0,-,1458545.0,,Big States,4.29,,,Western,12.0
80,GUJARAT,2015,2014-15,1073900000.0,47331500000.0,127017,60439692.0,71.14,Big States,5.04,0.649,0.807,Western,21.58
81,GUJARAT,2016,2015-16,1909572261.18,2265452362.0,139254,60439692.0,98.21,Big States,5.04,0.656,0.815,Western,20.41
82,GUJARAT,2017,2016-17,2651931212.0,20051720534759.35,156295,60439692.0,97.99,Big States,5.04,0.667,0.816,Western,19.29
83,GUJARAT,2018,2017-18,2838701157.36,2883339478063.08,176961,60439692.0,,Big States,5.04,0.669,0.815,Western,18.24
84,GUJARAT,2019,2018-19,3363535832.3100004,29937988429171.85,197457,60439692.0,,Big States,5.04,0.672,0.82,Western,17.25
85,GUJARAT,2020,2019-20,2438703234.62,2852140416.16,213936,60439692.0,,Big States,5.04,,,Western,16.31
86,GUJARAT,2021,2020-21,595265570.0,9616076164.0,-,60439692.0,,Big States,5.04,,,Western,15.42
87,HARYANA,2015,2014-15,743300000.0,3626100000.0,147382,25351462.0,40.66,Big States,5.0,0.684,0.812,Northern,27.55
88,HARYANA,2016,2015-16,1763256845.0,1728023366.0,164963,25351462.0,96.95,Big States,5.0,0.691,0.819,Northern,24.55
89,HARYANA,2017,2016-17,1461900077.28,125978866996999.3,184982,25351462.0,98.06,Big States,5.0,0.702,0.82,Northern,21.55
90,HARYANA,2018,2017-18,1286574853.2399998,32508909371.849995,210592,25351462.0,,Big States,5.0,0.705,0.82,Northern,19.55
91,HARYANA,2019,2018-19,1450760609.17,42448475144633.24,226409,25351462.0,,Big States,5.0,0.708,0.823,Northern,18.0
92,HARYANA,2020,2019-20,1376186153.15,2246429698.5600004,247628,25351462.0,,Big States,5.0,,,Northern,17.0
93,HARYANA,2021,2020-21,902919534.07,978714928.07,239535,25351462.0,,Big States,5.0,,,Northern,16.0
94,HIMACHAL PRADESH,2015,2014-15,53600000.0,140300000.0,123299,6864602.0,23.95,NE & Hill,5.22,0.702,0.834,Northern,13.5
95,HIMACHAL PRADESH,2016,2015-16,325027120.0,398327120.0,135512,6864602.0,65.48,NE & Hill,5.22,0.708,0.838,Northern,12.5
96,HIMACHAL PRADESH,2017,2016-17,143100000.0,600901200000.0,150290,6864602.0,87.9,NE & Hill,5.22,0.719,0.84,Northern,11.5
97,HIMACHAL PRADESH,2018,2017-18,57775949.93,110864020.70000002,165497,6864602.0,,NE & Hill,5.22,0.721,0.839,Northern,10.5
98,HIMACHAL PRADESH,2019,2018-19,111910898.0,127879839690350.0,176459,6864602.0,,NE & Hill,5.22,0.725,0.844,Northern,10.0
99,HIMACHAL PRADESH,2020,2019-20,157082091.0,250209324993.0,190407,6864602.0,,NE & Hill,5.22,,,Northern,10.0
100,HIMACHAL PRADESH,2021,2020-21,7619199.0,7619199.0,183286,6864602.0,,NE & Hill,5.22,,,Northern,10.0
101,JAMMU & KASHMIR,2015,2014-15,331100000.0,311100000.0,61211,12267032.0,,NE & Hill,4.04,0.672,0.817,Northern,51.87
102,JAMMU & KASHMIR,2016,2015-16,393900000.0,1910900000.0,73215,12267032.0,,NE & Hill,4.04,0.672,0.82,Northern,47.87
103,JAMMU & KASHMIR,2017,2016-17,342370392.0,704262969577.0,76634,12267032.0,,NE & Hill,4.04,0.682,0.821,Northern,43.87
104,JAMMU & KASHMIR,2018,2017-18,411335353.0,446844081.0,84471,12267032.0,,NE & Hill,4.04,0.685,0.821,Northern,39.87
105,JAMMU & KASHMIR,2019,2018-19,903891.0,903891.0,95448,12267032.0,,NE & Hill,4.04,0.688,0.824,Northern,35.0
106,JAMMU & KASHMIR,2020,2019-20,44161471.0,57452964.0,102789,12267032.0,,NE & Hill,4.04,,,Northern,30.0
107,JAMMU & KASHMIR,2017,2016-17,1034783.0,0.0,76634,12267032.0,,NE & Hill,4.04,0.682,0.821,Northern,43.87
108,JAMMU & KASHMIR,2018,2017-18,18515489.0,18515489.0,84471,12267032.0,,NE & Hill,4.04,0.685,0.821,Northern,39.87
109,JAMMU & KASHMIR,2019,2018-19,212703650.83,115214562293.83,95448,12267032.0,,NE & Hill,4.04,0.688,0.824,Northern,35.0
110,JAMMU & KASHMIR,2020,2019-20,51663560.56,71654560.56,102789,12267032.0,,NE & Hill,4.04,,,Northern,30.0
111,JAMMU & KASHMIR,2021,2020-21,19077612.0,20077612.0,104860,12267032.0,,NE & Hill,4.04,,,Northern,26.0
112,JHARKHAND,2015,2014-15,595500000.0,634100000.0,57301,32988134.0,63.09,Big States,4.23,0.58,0.785,Eastern,39.49
113,JHARKHAND,2016,2015-16,689620662.0,2251280000.0,52754,32988134.0,96.57,Big States,4.23,0.582,0.793,Eastern,36.49
114,JHARKHAND,2017,2016-17,418759000.0,4963307400000.0,60018,32988134.0,98.05,Big States,4.23,0.592,0.795,Eastern,32.49
115,JHARKHAND,2018,2017-18,290475713.01,1821241422.0,67484,32988134.0,,Big States,4.23,0.595,0.795,Eastern,29.49
116,JHARKHAND,2019,2018-19,585677952.6700001,3002862612563.0,75421,32988134.0,,Big States,4.23,0.598,0.796,Eastern,27.0
117,JHARKHAND,2020,2019-20,1146622157.5500002,1234743454.48,77739,32988134.0,,Big States,4.23,,,Eastern,24.0
118,JHARKHAND,2021,2020-21,268120659.0,288203831.0,75587,32988134.0,,Big States,4.23,,,Eastern,21.0
119,KARNATAKA,2015,2014-15,1743200000.0,2229800000.0,130024,61095297.0,48.5,Big States,5.1,0.657,0.826,Southern,17.9
120,KARNATAKA,2016,2015-16,4071786001.58,6068535399.65,148108,61095297.0,88.39,Big States,5.1,0.667,0.833,Southern,17.43
121,KARNATAKA,2017,2016-17,3818686746.0,121118523097909.0,169898,61095297.0,96.42,Big States,5.1,0.677,0.834,Southern,16.86
122,KARNATAKA,2018,2017-18,5439287987.780001,5206731489889.939,186405,61095297.0,,Big States,5.1,0.68,0.834,Southern,16.29
123,KARNATAKA,2019,2018-19,5948618604.02,271248578807496.0,205697,61095297.0,,Big States,5.1,0.683,0.838,Southern,15.72
124,KARNATAKA,2020,2019-20,6564299694.049998,339795147888.94995,223175,61095297.0,,Big States,5.1,,,Southern,15.15
125,KARNATAKA,2021,2020-21,2696659260.0,263443717763.0,226796,61095297.0,,Big States,5.1,,,Southern,14.57
126,KERALA,2015,2014-15,223800000.0,295600000.0,135537,33406061.0,22.87,Big States,4.98,0.757,0.875,Southern,10.8
127,KERALA,2016,2015-16,677182439.0,1011530488.52,148133,33406061.0,26.97,Big States,4.98,0.763,0.879,Southern,10.5
128,KERALA,2017,2016-17,608829338.0,1008665826.0,166246,33406061.0,44.82,Big States,4.98,0.775,0.88,Southern,10.25
129,KERALA,2018,2017-18,778463545.24,806443751.0799999,183252,33406061.0,,Big States,4.98,0.778,0.878,Southern,10.0
130,KERALA,2019,2018-19,1569824945.96,85313506679202.0,205657,33406061.0,,Big States,4.98,0.782,0.887,Southern,10.0
131,KERALA,2020,2019-20,695897369.3,744319863.36,221904,33406061.0,,Big States,4.98,,,Southern,10.0
132,KERALA,2021,2020-21,225195195.0,102793176195.0,-,33406061.0,,Big States,4.98,,,Southern,10.0
133,LAKSHADWEEP,2015,2014-15,0.0,0.0,,64473.0,,UTs,2.97,0.73,0.855,,
134,LAKSHADWEEP,2016,2015-16,3000000.0,5500000.0,,64473.0,0.3,UTs,2.97,0.734,0.858,,
135,LAKSHADWEEP,2017,2016-17,0.0,0.0,,64473.0,,UTs,2.97,0.745,0.859,,
136,LAKSHADWEEP,2018,2017-18,2000000.0,9414000.0,,64473.0,,UTs,2.97,0.748,0.858,,
137,MADHYA PRADESH,2015,2014-15,833600000.0,976900000.0,55678,72626809.0,62.0,Big States,4.85,0.581,0.787,Western,24.47
138,MADHYA PRADESH,2016,2015-16,1047425811.0,2022637683.0,62080,72626809.0,97.01,Big States,4.85,0.588,0.794,Western,23.1
139,MADHYA PRADESH,2017,2016-17,2061154228.8,54565961228.8,74324,72626809.0,97.3,Big States,4.85,0.598,0.796,Western,21.73
140,MADHYA PRADESH,2018,2017-18,597724119.0,778509025518.5299,81973,72626809.0,,Big States,4.85,0.6,0.796,Western,20.38
141,MADHYA PRADESH,2019,2018-19,1154331745.82,22313132837304.938,90487,72626809.0,,Big States,4.85,0.603,0.797,Western,18.83
142,MADHYA PRADESH,2020,2019-20,471687385.37,808993871.2,103288,72626809.0,,Big States,4.85,,,Western,16.5
143,MADHYA PRADESH,2021,2020-21,1152109813.0,2469472813.0,98418,72626809.0,,Big States,4.85,,,Western,15.75
144,MAHARASHTRA,2015,2014-15,3725300000.0,41298700000.0,132836,112374333.0,49.43,Big States,5.4,0.678,0.824,Western,18.95
145,MAHARASHTRA,2016,2015-16,7794925719.410001,975615442220.89,146815,112374333.0,92.86,Big States,5.4,0.68,0.83,Western,17.45
146,MAHARASHTRA,2017,2016-17,8389577621.28,30166239813897.414,163726,112374333.0,92.88,Big States,5.4,0.691,0.831,Western,16.45
147,MAHARASHTRA,2018,2017-18,9793285739.3,2608788793026.1724,172663,112374333.0,,Big States,5.4,0.694,0.83,Western,15.45
148,MAHARASHTRA,2019,2018-19,8767029907.259998,949432725406672.0,187118,112374333.0,,Big States,5.4,0.697,0.835,Western,15.0
149,MAHARASHTRA,2020,2019-20,11730738095.520002,15780863390.009996,202130,112374333.0,,Big States,5.4,,,Western,14.5
150,MAHARASHTRA,2021,2020-21,1724806520.0,2169552833.0,-,112374333.0,,Big States,5.4,,,Western,14.25
151,MANIPUR,2015,2014-15,20900000.0,452100000.0,52717,2570390.0,,NE & Hill,3.93,0.692,0.818,North Eastern,71.49
152,MANIPUR,2016,2015-16,46100000.0,41400000.0,55447,2570390.0,1.19,NE & Hill,3.93,0.68,0.828,North Eastern,64.49
153,MANIPUR,2017,2016-17,82200000.0,731500000.0,59345,2570390.0,0.27,NE & Hill,3.93,0.691,0.829,North Eastern,56.49
154,MANIPUR,2018,2017-18,29276798.0,29276798.0,71507,2570390.0,,NE & Hill,3.93,0.694,0.828,North Eastern,48.0
155,MANIPUR,2019,2018-19,48648525.0,20048632119.0,75229,2570390.0,,NE & Hill,3.93,0.697,0.834,North Eastern,40.0
156,MANIPUR,2020,2019-20,22468159.0,21696159.0,84746,2570390.0,,NE & Hill,3.93,,,North Eastern,34.0
157,MANIPUR,2021,2020-21,1810000.0,1810000.0,-,2570390.0,,NE & Hill,3.93,,,North Eastern,28.0
158,MEGHALAYA,2015,2014-15,12100000.0,12200000.0,64638,2966889.0,4.38,NE & Hill,3.81,0.646,0.863,North Eastern,31.29
159,MEGHALAYA,2016,2015-16,35868000.0,37641000.0,68836,2966889.0,0.3,NE & Hill,3.81,0.64,0.866,North Eastern,29.79
160,MEGHALAYA,2017,2016-17,73300000.0,92200000.0,73753,2966889.0,,NE & Hill,3.81,0.65,0.868,North Eastern,28.29
161,MEGHALAYA,2018,2017-18,20440803.0,22347248.0,77504,2966889.0,,NE & Hill,3.81,0.652,0.867,North Eastern,26.79
162,MEGHALAYA,2019,2018-19,107313118.0,35275502232.0,82653,2966889.0,,NE & Hill,3.81,0.656,0.873,North Eastern,25.29
163,MEGHALAYA,2020,2019-20,30761225.0,46866508.7,87170,2966889.0,,NE & Hill,3.81,,,North Eastern,23.79
164,MEGHALAYA,2021,2020-21,22700000.0,22700000.0,82182,2966889.0,,NE & Hill,3.81,,,North Eastern,22.29
165,MIZORAM,2015,2014-15,1000000.0,1000000.0,103049,1097206.0,6.37,NE & Hill,4.41,0.695,0.862,North Eastern,26.14
166,MIZORAM,2016,2015-16,5300000.0,5300000.0,114055,1097206.0,0.89,NE & Hill,4.41,0.688,0.858,North Eastern,25.77
167,MIZORAM,2017,2016-17,300000.0,1400000.0,127107,1097206.0,3.66,NE & Hill,4.41,0.699,0.859,North Eastern,24.59
168,MIZORAM,2018,2017-18,8850000.0,10650000.0,155222,1097206.0,,NE & Hill,4.41,0.701,0.858,North Eastern,23.49
169,MIZORAM,2019,2018-19,600000.0,3000000.0,164429,1097206.0,,NE & Hill,4.41,0.704,0.865,North Eastern,22.13
170,MIZORAM,2020,2019-20,2136047.0,2136047.0,187327,1097206.0,,NE & Hill,4.41,,,North Eastern,21.13
171,NEC/ NOT MENTIONED,2018,2017-18,109799500.0,100873500.0,,,,,,,,,
172,NEC/ NOT MENTIONED,2019,2018-19,180000.0,180000.0,,,,,,,,,
173,NEC/ NOT MENTIONED,2020,2019-20,159807445.0,523543000.0,,,,,,,,,
174,NEC/ NOT MENTIONED,2021,2020-21,0.0,0.0,,,,,,,,,
175,NEC/ NOT MENTIONED,2015,2014-15,0.0,0.0,,,,,,,,,
176,NEC/ NOT MENTIONED,2016,2015-16,0.0,0.0,,,,,,,,,
177,NEC/ NOT MENTIONED,2017,2016-17,7988915.48,6188915.48,,,,,,,,,
178,NEC/ NOT MENTIONED,2018,2017-18,151245368.54000002,156797710.39,,,,,,,,,
179,NEC/ NOT MENTIONED,2019,2018-19,4648748.0,3427248.0,,,,,,,,,
180,NEC/ NOT MENTIONED,2020,2019-20,23670300.0,41718000.0,,,,,,,,,
181,NAGALAND,2016,2015-16,2600000.0,2600000.0,82466,1978502.0,1.49,NE & Hill,3.55,0.663,0.85,North Eastern,59.21
182,NAGALAND,2018,2017-18,14300000.0,14300000.0,102003,1978502.0,,NE & Hill,3.55,0.676,0.851,North Eastern,47.21
183,NAGALAND,2019,2018-19,1450000.0,1450000.0,109198,1978502.0,,NE & Hill,3.55,0.679,0.856,North Eastern,41.21
184,NAGALAND,2020,2019-20,25411441.0,26400000.0,120518,1978502.0,,NE & Hill,3.55,,,North Eastern,35.21
185,NAGALAND,2021,2020-21,24400000.0,24400000.0,-,1978502.0,,NE & Hill,3.55,,,North Eastern,29.21
186,ODISHA,2015,2014-15,999700000.0,3911800000.0,,41974219.0,52.12,,,0.582,0.803,Eastern,37.0
187,ODISHA,2016,2015-16,4308655000.0,6352157595.0,,41974219.0,92.73,,,0.589,0.81,Eastern,35.0
188,ODISHA,2017,2016-17,2174962109.0,10818225282.9,,41974219.0,92.08,,,0.599,0.811,Eastern,33.0
189,ODISHA,2018,2017-18,3747570119.0,8794572069.55,,41974219.0,,,,0.602,0.811,Eastern,30.5
190,ODISHA,2019,2018-19,4092543323.83,3991687450229.14,,41974219.0,,,,0.605,0.814,Eastern,28.0
191,ODISHA,2020,2019-20,2891727493.8700004,9912025300.570002,,41974219.0,,,,,,Eastern,25.5
192,ODISHA,2021,2020-21,1799160005.0,1799888340.0,,41974219.0,,,,,,Eastern,23.0
193,PAN INDIA,2018,2017-18,-11470000.0,2261800000.0,,,,,,,,,
194,PAN INDIA,2015,2014-15,22145900000.0,23060400000.0,,,,,,,,,
195,PAN INDIA,2016,2015-16,20012700208.0,125148333200.0,,,,,,,,,
196,PAN INDIA,2017,2016-17,19689174539.0,80894508574802.0,,,,,,,,,
197,PAN INDIA,2018,2017-18,20726372690.320004,657444654488.96,,,,,,,,,
198,PAN INDIA,2019,2018-19,23069213214.47001,495597830346118.4,,,,,,,,,
199,PAN INDIA,2020,2019-20,31374012393.210007,34186886470.94,,,,,,,,,
200,PAN INDIA,2021,2020-21,4927565698.55,5145507351.55,,,,,,,,,
201,PUDUCHERRY,2015,2014-15,5200000.0,7100000.0,146921,1247953.0,17.72,,,0.729,0.849,Southern,18.0
202,PUDUCHERRY,2016,2015-16,14513510.0,14813510.0,172727,1247953.0,1.49,,,0.722,0.849,Southern,17.0
203,PUDUCHERRY,2017,2016-17,17600000.0,17700000.0,187357,1247953.0,15.65,,,0.734,0.851,Southern,16.0
204,PUDUCHERRY,2018,2017-18,10398829.0,10334662.0,198364,1247953.0,,,,0.736,0.85,Southern,15.0
205,PUDUCHERRY,2019,2018-19,13147488.0,8691545.0,219785,1247953.0,,,,0.74,0.855,Southern,14.0
206,PUDUCHERRY,2020,2019-20,40709095.0,40059095.0,221493,1247953.0,,,,,,Southern,13.0
207,PUDUCHERRY,2021,2020-21,4724200.0,4724200.0,210467,1247953.0,,,,,,Southern,12.0
208,PUNJAB,2015,2014-15,228200000.0,436800000.0,108970,27743338.0,36.73,Big States,4.57,0.701,0.854,Northern,16.66
209,PUNJAB,2016,2015-16,431999518.0,746197802.0,118858,27743338.0,91.07,Big States,4.57,0.707,0.856,Northern,16.16
210,PUNJAB,2017,2016-17,319499926.0,1380536231.64,128780,27743338.0,54.36,Big States,4.57,0.718,0.858,Northern,15.66
211,PUNJAB,2018,2017-18,330501840.87,4245685649686.6094,139835,27743338.0,,Big States,4.57,0.72,0.857,Northern,15.16
212,PUNJAB,2019,2018-19,351941027.78,630567245043.3501,149974,27743338.0,,Big States,4.57,0.724,0.863,Northern,15.0
213,PUNJAB,2020,2019-20,454061347.0,478931036.29,155491,27743338.0,,Big States,4.57,,,Northern,14.5
214,PUNJAB,2021,2020-21,38568000.0,48702000.0,151367,27743338.0,,Big States,4.57,,,Northern,14.25
215,RAJASTHAN,2015,2014-15,612700000.0,1024300000.0,76429,68548437.0,61.04,Big States,4.8,0.602,0.769,Northern,21.75
216,RAJASTHAN,2016,2015-16,1928360102.0,152798664133.87,83426,68548437.0,96.43,Big States,4.8,0.613,0.78,Northern,20.0
217,RAJASTHAN,2017,2016-17,1079524931.0,35926363242890.0,91924,68548437.0,95.7,Big States,4.8,0.623,0.781,Northern,18.5
218,RAJASTHAN,2018,2017-18,1312782396.3799996,1350128613257.6506,98188,68548437.0,,Big States,4.8,0.625,0.781,Northern,17.25
219,RAJASTHAN,2019,2018-19,1648335096.5300002,130560051341041.66,107890,68548437.0,,Big States,4.8,0.628,0.782,Northern,16.0
220,RAJASTHAN,2020,2019-20,1859421589.44,2249667927.41,115492,68548437.0,,Big States,4.8,,,Northern,15.0
221,RAJASTHAN,2021,2020-21,323458381.0,344062381.0,109386,68548437.0,,Big States,4.8,,,Northern,14.5
222,SIKKIM,2015,2014-15,1500000.0,2700000.0,214148,610577.0,7.23,NE & Hill,4.21,0.69,0.858,Eastern,45.51
223,SIKKIM,2016,2015-16,1500000.0,2700000.0,245987,610577.0,0.6,NE & Hill,4.21,0.7,0.862,Eastern,41.51
224,SIKKIM,2017,2016-17,29400000.0,30600000.0,280729,610577.0,0.14,NE & Hill,4.21,0.711,0.863,Eastern,37.51
225,SIKKIM,2018,2017-18,8040000.0,9440000.0,349163,610577.0,,NE & Hill,4.21,0.713,0.862,Eastern,33.51
226,SIKKIM,2019,2018-19,13828000.0,10728000.0,375773,610577.0,,NE & Hill,4.21,0.717,0.867,Eastern,29.0
227,SIKKIM,2020,2019-20,79007500.0,49400000.0,403376,610577.0,,NE & Hill,4.21,,,Eastern,26.0
228,SIKKIM,2021,2020-21,9565720.0,9565720.0,424454,610577.0,,NE & Hill,4.21,,,Eastern,23.0
229,TAMIL NADU,2015,2014-15,4131500000.0,13206849000000.0,129494,72147030.0,44.58,Big States,5.62,0.688,0.844,Southern,19.72
230,TAMIL NADU,2016,2015-16,3199486623.95,3593307148721.95,142028,72147030.0,62.8,Big States,5.62,0.692,0.849,Southern,19.22
231,TAMIL NADU,2017,2016-17,2610717101.54,22854348268608.46,156595,72147030.0,90.68,Big States,5.62,0.703,0.85,Southern,18.97
232,TAMIL NADU,2018,2017-18,2801272272.85,1836149658217.13,175276,72147030.0,,Big States,5.62,0.705,0.85,Southern,18.72
233,TAMIL NADU,2019,2018-19,3973597231.350001,62717960831299.625,194373,72147030.0,,Big States,5.62,0.709,0.855,Southern,18.47
234,TAMIL NADU,2020,2019-20,4921940121.33,6260775825.139998,213396,72147030.0,,Big States,5.62,,,Southern,18.22
235,TAMIL NADU,2021,2020-21,795505627.08,910473439.08,225106,72147030.0,,Big States,5.62,,,Southern,18.0
236,TELANGANA,2015,2014-15,345700000.0,402200000.0,124104,35003674.0,42.45,Big States,4.83,0.649,0.814,Southern,13.13
237,TELANGANA,2016,2015-16,1188445214.0,1331523173.0,140840,35003674.0,98.78,Big States,4.83,0.652,0.819,Southern,12.88
238,TELANGANA,2017,2016-17,976858210.0,6340307512117.45,159395,35003674.0,98.28,Big States,4.83,0.663,0.82,Southern,12.58
239,TELANGANA,2018,2017-18,1774648432.1,6247061817073.271,179358,35003674.0,,Big States,4.83,0.665,0.82,Southern,12.28
240,TELANGANA,2019,2018-19,1623517758.8400002,194605404693440.28,210563,35003674.0,,Big States,4.83,0.669,0.822,Southern,12.0
241,TELANGANA,2020,2019-20,1813553404.0,2506644701.67,233325,35003674.0,,Big States,4.83,,,Southern,12.0
242,TELANGANA,2021,2020-21,415279270.0,494628100.0,237632,35003674.0,,Big States,4.83,,,Southern,12.0
243,TRIPURA,2015,2014-15,4400000.0,4600000.0,69857,3673917.0,9.29,NE & Hill,4.5,0.641,0.831,North Eastern,27.35
244,TRIPURA,2016,2015-16,11100000.0,11300000.0,84267,3673917.0,16.67,NE & Hill,4.5,0.642,0.834,North Eastern,24.85
245,TRIPURA,2017,2016-17,8300000.0,31300000.0,91596,3673917.0,22.45,NE & Hill,4.5,0.652,0.836,North Eastern,22.35
246,TRIPURA,2018,2017-18,18808257.0,21781607.0,100444,3673917.0,,NE & Hill,4.5,0.655,0.835,North Eastern,20.85
247,TRIPURA,2019,2018-19,223522280.93,281090280.93,113016,3673917.0,,NE & Hill,4.5,0.658,0.841,North Eastern,20.0
248,TRIPURA,2020,2019-20,69560005.0,297240005.0,125675,3673917.0,,NE & Hill,4.5,,,North Eastern,18.0
249,TRIPURA,2021,2020-21,2990000.0,2990000.0,129995,3673917.0,,NE & Hill,4.5,,,North Eastern,17.0
250,UTTAR PRADESH,2015,2014-15,458200000.0,200979300000.0,42267,199812341.0,47.37,Big States,4.25,0.572,0.777,Northern,34.85
251,UTTAR PRADESH,2016,2015-16,1343105700.0,83257824461.0,47118,199812341.0,84.52,Big States,4.25,0.579,0.785,Northern,31.85
252,UTTAR PRADESH,2017,2016-17,1101049731.0900002,1233567036345.24,52671,199812341.0,92.89,Big States,4.25,0.589,0.786,Northern,28.85
253,UTTAR PRADESH,2018,2017-18,1805790644.24,1356109850142.83,56861,199812341.0,,Big States,4.25,0.591,0.786,Northern,25.85
254,UTTAR PRADESH,2019,2018-19,1800129049.1899998,547334247288644.0,62652,199812341.0,,Big States,4.25,0.594,0.788,Northern,22.85
255,UTTAR PRADESH,2020,2019-20,2426618929.12,361817249826.64,65704,199812341.0,,Big States,4.25,,,Northern,20.0
256,UTTAR PRADESH,2021,2020-21,2084772799.0,2467869799.0,65431,199812341.0,,Big States,4.25,,,Northern,17.0
257,UTTARAKHAND,2015,2014-15,487100000.0,476700000.0,136099,10086292.0,13.36,NE & Hill,4.87,,,Northern,20.18
258,UTTARAKHAND,2016,2015-16,535250000.0,1956050000.0,147936,10086292.0,96.13,NE & Hill,4.87,,,Northern,18.68
259,UTTARAKHAND,2017,2016-17,579400000.0,101140300000.0,161752,10086292.0,94.24,NE & Hill,4.87,,,Northern,17.68
260,UTTARAKHAND,2018,2017-18,355138225.0,85520490379.0,180613,10086292.0,,NE & Hill,4.87,,,Northern,16.68
261,UTTARAKHAND,2019,2018-19,419370017.7,101729912677.51,191450,10086292.0,,NE & Hill,4.87,,,Northern,16.0
262,UTTARAKHAND,2020,2019-20,514285950.89,681216034.7500001,202895,10086292.0,,NE & Hill,4.87,,,Northern,15.0
263,UTTARAKHAND,2021,2020-21,41520000.0,41920000.0,-,10086292.0,,NE & Hill,4.87,,,Northern,14.5
264,WEST BENGAL,2015,2014-15,642000000.0,1034300000.0,68876,91276115.0,46.9,Big States,4.84,0.617,0.835,Eastern,29.0
265,WEST BENGAL,2016,2015-16,2152781530.0,3580665385.0,75992,91276115.0,84.23,Big States,4.84,0.625,0.841,Eastern,28.0
266,WEST BENGAL,2017,2016-17,1081306894.61,5172849598907.439,82291,91276115.0,94.59,Big States,4.84,0.635,0.842,Eastern,26.0
267,WEST BENGAL,2018,2017-18,1263376632.35,44630306125.39,91401,91276115.0,,Big States,4.84,0.638,0.842,Eastern,24.0
268,WEST BENGAL,2019,2018-19,1108753596.36,5082142201114.859,103944,91276115.0,,Big States,4.84,0.641,0.846,Eastern,23.0
269,WEST BENGAL,2020,2019-20,1241479906.88,1668863445.18,113163,91276115.0,,Big States,4.84,,,Eastern,22.0
270,WEST BENGAL,2021,2020-21,217935235.0,239767235.0,121267,91276115.0,,Big States,4.84,,,Eastern,21.5
271,JHARKHAND,2018,2017-18,456836000.0,0.0,67484,32988134.0,,Big States,4.23,0.595,0.795,Eastern,29.49
272,JHARKHAND,2019,2018-19,81491000.0,0.0,75421,32988134.0,,Big States,4.23,0.598,0.796,Eastern,27.0
